Movement,Model,Anatomic_Distances,Rep,Left_Peak_frame,Left_Peak_time_s,Left_Peak_deg,Left_Valley_frame,Left_Valley_time_s,Left_Valley_deg,Left_ROM_deg,Right_Peak_frame,Right_Peak_time_s,Right_Peak_deg,Right_Valley_frame,Right_Valley_time_s,Right_Valley_deg,Right_ROM_deg
Shoulder Flex/Ext,Complete,IJ_C7,1,983,9.83,157.21,1324,13.24,-46.49,203.69,872.0,8.72,157.94,1173.0,11.73,-40.35,198.29
Shoulder Flex/Ext,Complete,IJ_C7,2,1717,17.17,155.88,1998,19.98,-48.27,204.15,1571.0,15.71,159.65,1896.0,18.96,-41.43,201.07
Shoulder Flex/Ext,Complete,IJ_C7,3,2359,23.59,156.43,2655,26.55,-47.15,203.58,2257.0,22.57,159.33,2535.0,25.35,-45.87,205.19
Shoulder Flex/Ext,Complete,IJ_C7,4,2986,29.86,154.01,3321,33.21,-46.57,200.58,2870.0,28.7,158.44,3149.0,31.49,-45.05,203.5
Shoulder Flex/Ext,Complete,IJ_C7,5,3637,36.37,154.17,3921,39.21,-40.54,194.71,3484.0,34.84,160.69,3780.0,37.8,-45.04,205.73
Shoulder Flex/Ext,Complete,IJ_C7,6,4249,42.49,151.27,4554,45.54,-45.66,196.93,4128.0,41.28,161.7,4398.0,43.98,-46.9,208.6
Shoulder Flex/Ext,Complete,IJ_C7,7,4912,49.12,154.53,5191,51.91,-43.83,198.35,4703.0,47.03,160.12,4955.0,49.55,-40.55,200.67
Shoulder Flex/Ext,Complete,PX_C7,1,983,9.83,157.21,1324,13.24,-46.49,203.69,872.0,8.72,157.94,1173.0,11.73,-40.35,198.29
Shoulder Flex/Ext,Complete,PX_C7,2,1717,17.17,155.88,1998,19.98,-48.27,204.15,1571.0,15.71,159.65,1896.0,18.96,-41.43,201.07
Shoulder Flex/Ext,Complete,PX_C7,3,2359,23.59,156.43,2655,26.55,-47.15,203.58,2257.0,22.57,159.33,2535.0,25.35,-45.87,205.19
Shoulder Flex/Ext,Complete,PX_C7,4,2986,29.86,154.01,3321,33.21,-46.57,200.58,2870.0,28.7,158.44,3149.0,31.49,-45.05,203.5
Shoulder Flex/Ext,Complete,PX_C7,5,3637,36.37,154.17,3921,39.21,-40.54,194.71,3484.0,34.84,160.69,3780.0,37.8,-45.04,205.73
Shoulder Flex/Ext,Complete,PX_C7,6,4249,42.49,151.27,4554,45.54,-45.66,196.93,4128.0,41.28,161.7,4398.0,43.98,-46.9,208.6
Shoulder Flex/Ext,Complete,PX_C7,7,4912,49.12,154.53,5191,51.91,-43.83,198.35,4703.0,47.03,160.12,4955.0,49.55,-40.55,200.67
Shoulder Flex/Ext,Complete,IJ_PX_C7,1,983,9.83,157.21,1324,13.24,-46.49,203.69,872.0,8.72,157.94,1173.0,11.73,-40.35,198.29
Shoulder Flex/Ext,Complete,IJ_PX_C7,2,1717,17.17,155.88,1998,19.98,-48.27,204.15,1571.0,15.71,159.65,1896.0,18.96,-41.43,201.07
Shoulder Flex/Ext,Complete,IJ_PX_C7,3,2359,23.59,156.43,2655,26.55,-47.15,203.58,2257.0,22.57,159.33,2535.0,25.35,-45.87,205.19
Shoulder Flex/Ext,Complete,IJ_PX_C7,4,2986,29.86,154.01,3321,33.21,-46.57,200.58,2870.0,28.7,158.44,3149.0,31.49,-45.05,203.5
Shoulder Flex/Ext,Complete,IJ_PX_C7,5,3637,36.37,154.17,3921,39.21,-40.54,194.71,3484.0,34.84,160.69,3780.0,37.8,-45.04,205.73
Shoulder Flex/Ext,Complete,IJ_PX_C7,6,4249,42.49,151.27,4554,45.54,-45.66,196.93,4128.0,41.28,161.7,4398.0,43.98,-46.9,208.6
Shoulder Flex/Ext,Complete,IJ_PX_C7,7,4912,49.12,154.53,5191,51.91,-43.83,198.35,4703.0,47.03,160.12,4955.0,49.55,-40.55,200.67
Shoulder Flex/Ext,Complete,Perfect,1,983,9.83,157.21,1324,13.24,-46.49,203.69,872.0,8.72,157.94,1173.0,11.73,-40.35,198.29
Shoulder Flex/Ext,Complete,Perfect,2,1717,17.17,155.88,1998,19.98,-48.27,204.15,1571.0,15.71,159.65,1896.0,18.96,-41.43,201.07
Shoulder Flex/Ext,Complete,Perfect,3,2359,23.59,156.43,2655,26.55,-47.15,203.58,2257.0,22.57,159.33,2535.0,25.35,-45.87,205.19
Shoulder Flex/Ext,Complete,Perfect,4,2986,29.86,154.01,3321,33.21,-46.57,200.58,2870.0,28.7,158.44,3149.0,31.49,-45.05,203.5
Shoulder Flex/Ext,Complete,Perfect,5,3637,36.37,154.17,3921,39.21,-40.54,194.71,3484.0,34.84,160.69,3780.0,37.8,-45.04,205.73
Shoulder Flex/Ext,Complete,Perfect,6,4249,42.49,151.27,4554,45.54,-45.66,196.93,4128.0,41.28,161.7,4398.0,43.98,-46.9,208.6
Shoulder Flex/Ext,Complete,Perfect,7,4912,49.12,154.53,5191,51.91,-43.83,198.35,4703.0,47.03,160.12,4955.0,49.55,-40.55,200.67
Shoulder Flex/Ext,C7,IJ_C7,1,983,9.83,152.87,1324,13.24,-49.74,202.61,872.0,8.72,153.0,1173.0,11.73,-42.67,195.68
Shoulder Flex/Ext,C7,IJ_C7,2,1717,17.17,151.67,1998,19.98,-51.53,203.2,1575.0,15.75,154.79,1896.0,18.96,-44.01,198.8
Shoulder Flex/Ext,C7,IJ_C7,3,2360,23.6,152.27,2649,26.49,-51.28,203.55,2257.0,22.57,154.56,2535.0,25.35,-48.27,202.84
Shoulder Flex/Ext,C7,IJ_C7,4,2986,29.86,150.22,3321,33.21,-50.3,200.52,2871.0,28.71,154.27,3149.0,31.49,-47.25,201.52
Shoulder Flex/Ext,C7,IJ_C7,5,3637,36.37,150.54,3921,39.21,-44.05,194.59,3484.0,34.84,155.81,3783.0,37.83,-46.98,202.78
Shoulder Flex/Ext,C7,IJ_C7,6,4249,42.49,148.36,4554,45.54,-48.93,197.3,4130.0,41.3,156.61,4400.0,44.0,-49.64,206.24
Shoulder Flex/Ext,C7,IJ_C7,7,4912,49.12,151.19,5191,51.91,-47.02,198.2,4703.0,47.03,155.02,4960.0,49.6,-42.87,197.89
Shoulder Flex/Ext,C7,PX_C7,1,983,9.83,154.14,1324,13.24,-48.47,202.61,872.0,8.72,154.28,1173.0,11.73,-41.4,195.68
Shoulder Flex/Ext,C7,PX_C7,2,1717,17.17,152.94,1998,19.98,-50.26,203.2,1575.0,15.75,156.06,1896.0,18.96,-42.74,198.8
Shoulder Flex/Ext,C7,PX_C7,3,2360,23.6,153.54,2649,26.49,-50.0,203.55,2257.0,22.57,155.84,2535.0,25.35,-47.0,202.84
Shoulder Flex/Ext,C7,PX_C7,4,2986,29.86,151.49,3321,33.21,-49.03,200.52,2871.0,28.71,155.55,3149.0,31.49,-45.98,201.52
Shoulder Flex/Ext,C7,PX_C7,5,3637,36.37,151.82,3921,39.21,-42.77,194.59,3484.0,34.84,157.08,3783.0,37.83,-45.7,202.78
Shoulder Flex/Ext,C7,PX_C7,6,4249,42.49,149.64,4554,45.54,-47.66,197.3,4130.0,41.3,157.88,4400.0,44.0,-48.36,206.24
Shoulder Flex/Ext,C7,PX_C7,7,4912,49.12,152.46,5191,51.91,-45.74,198.2,4703.0,47.03,156.29,4960.0,49.6,-41.6,197.89
Shoulder Flex/Ext,C7,IJ_PX_C7,1,983,9.83,153.5,1324,13.24,-49.1,202.61,872.0,8.72,153.64,1173.0,11.73,-42.04,195.68
Shoulder Flex/Ext,C7,IJ_PX_C7,2,1717,17.17,152.3,1998,19.98,-50.89,203.2,1575.0,15.75,155.42,1896.0,18.96,-43.38,198.8
Shoulder Flex/Ext,C7,IJ_PX_C7,3,2360,23.6,152.9,2649,26.49,-50.64,203.55,2257.0,22.57,155.2,2535.0,25.35,-47.64,202.84
Shoulder Flex/Ext,C7,IJ_PX_C7,4,2986,29.86,150.85,3321,33.21,-49.67,200.52,2871.0,28.71,154.91,3149.0,31.49,-46.61,201.52
Shoulder Flex/Ext,C7,IJ_PX_C7,5,3637,36.37,151.18,3921,39.21,-43.41,194.59,3484.0,34.84,156.44,3783.0,37.83,-46.34,202.78
Shoulder Flex/Ext,C7,IJ_PX_C7,6,4249,42.49,149.0,4554,45.54,-48.3,197.3,4130.0,41.3,157.24,4400.0,44.0,-49.0,206.24
Shoulder Flex/Ext,C7,IJ_PX_C7,7,4912,49.12,151.82,5191,51.91,-46.38,198.2,4703.0,47.03,155.65,4960.0,49.6,-42.24,197.89
Shoulder Flex/Ext,C7,Perfect,1,983,9.83,156.17,1324,13.24,-46.44,202.61,872.0,8.72,156.31,1173.0,11.73,-39.37,195.68
Shoulder Flex/Ext,C7,Perfect,2,1717,17.17,154.97,1998,19.98,-48.23,203.2,1575.0,15.75,158.09,1896.0,18.96,-40.71,198.8
Shoulder Flex/Ext,C7,Perfect,3,2360,23.6,155.57,2649,26.49,-47.97,203.55,2257.0,22.57,157.87,2535.0,25.35,-44.97,202.84
Shoulder Flex/Ext,C7,Perfect,4,2986,29.86,153.52,3321,33.21,-47.0,200.52,2871.0,28.71,157.58,3149.0,31.49,-43.95,201.52
Shoulder Flex/Ext,C7,Perfect,5,3637,36.37,153.85,3921,39.21,-40.75,194.59,3484.0,34.84,159.11,3783.0,37.83,-43.67,202.78
Shoulder Flex/Ext,C7,Perfect,6,4249,42.49,151.66,4554,45.54,-45.63,197.3,4130.0,41.3,159.91,4400.0,44.0,-46.33,206.24
Shoulder Flex/Ext,C7,Perfect,7,4912,49.12,154.49,5191,51.91,-43.72,198.2,4703.0,47.03,158.32,4960.0,49.6,-39.57,197.89
Shoulder Flex/Ext,NOT_C7,IJ_C7,1,981,9.81,157.53,1323,13.23,-52.75,210.29,872.0,8.72,157.69,1176.0,11.76,-45.18,202.87
Shoulder Flex/Ext,NOT_C7,IJ_C7,2,1715,17.15,155.93,1998,19.98,-54.95,210.88,1572.0,15.72,159.57,1896.0,18.96,-47.17,206.74
Shoulder Flex/Ext,NOT_C7,IJ_C7,3,2331,23.31,156.14,2655,26.55,-54.17,210.31,2251.0,22.51,158.6,2535.0,25.35,-50.16,208.76
Shoulder Flex/Ext,NOT_C7,IJ_C7,4,2986,29.86,153.38,3321,33.21,-53.35,206.73,2871.0,28.71,158.32,3147.0,31.47,-48.46,206.78
Shoulder Flex/Ext,NOT_C7,IJ_C7,5,3637,36.37,153.92,3923,39.23,-47.58,201.51,3475.0,34.75,159.88,3779.0,37.79,-49.31,209.18
Shoulder Flex/Ext,NOT_C7,IJ_C7,6,4246,42.46,151.35,4555,45.55,-53.09,204.44,4129.0,41.29,160.65,4401.0,44.01,-50.56,211.21
Shoulder Flex/Ext,NOT_C7,IJ_C7,7,4914,49.14,154.89,5191,51.91,-51.07,205.96,4702.0,47.02,157.74,4959.0,49.59,-46.06,203.79
Shoulder Flex/Ext,NOT_C7,PX_C7,1,981,9.81,158.81,1323,13.23,-51.48,210.29,872.0,8.72,158.97,1176.0,11.76,-43.9,202.87
Shoulder Flex/Ext,NOT_C7,PX_C7,2,1715,17.15,157.21,1998,19.98,-53.67,210.88,1572.0,15.72,160.84,1896.0,18.96,-45.9,206.74
Shoulder Flex/Ext,NOT_C7,PX_C7,3,2331,23.31,157.42,2655,26.55,-52.9,210.31,2251.0,22.51,159.87,2535.0,25.35,-48.88,208.76
Shoulder Flex/Ext,NOT_C7,PX_C7,4,2986,29.86,154.66,3321,33.21,-52.08,206.73,2871.0,28.71,159.59,3147.0,31.47,-47.19,206.78
Shoulder Flex/Ext,NOT_C7,PX_C7,5,3637,36.37,155.2,3923,39.23,-46.31,201.51,3475.0,34.75,161.15,3779.0,37.79,-48.03,209.18
Shoulder Flex/Ext,NOT_C7,PX_C7,6,4246,42.46,152.63,4555,45.55,-51.82,204.44,4129.0,41.29,161.93,4401.0,44.01,-49.28,211.21
Shoulder Flex/Ext,NOT_C7,PX_C7,7,4914,49.14,156.17,5191,51.91,-49.79,205.96,4702.0,47.02,159.01,4959.0,49.59,-44.78,203.79
Shoulder Flex/Ext,NOT_C7,IJ_PX_C7,1,981,9.81,158.17,1323,13.23,-52.12,210.29,872.0,8.72,158.33,1176.0,11.76,-44.54,202.87
Shoulder Flex/Ext,NOT_C7,IJ_PX_C7,2,1715,17.15,156.57,1998,19.98,-54.31,210.88,1572.0,15.72,160.2,1896.0,18.96,-46.53,206.74
Shoulder Flex/Ext,NOT_C7,IJ_PX_C7,3,2331,23.31,156.78,2655,26.55,-53.53,210.31,2251.0,22.51,159.24,2535.0,25.35,-49.52,208.76
Shoulder Flex/Ext,NOT_C7,IJ_PX_C7,4,2986,29.86,154.02,3321,33.21,-52.72,206.73,2871.0,28.71,158.95,3147.0,31.47,-47.83,206.78
Shoulder Flex/Ext,NOT_C7,IJ_PX_C7,5,3637,36.37,154.56,3923,39.23,-46.95,201.51,3475.0,34.75,160.51,3779.0,37.79,-48.67,209.18
Shoulder Flex/Ext,NOT_C7,IJ_PX_C7,6,4246,42.46,151.99,4555,45.55,-52.45,204.44,4129.0,41.29,161.29,4401.0,44.01,-49.92,211.21
Shoulder Flex/Ext,NOT_C7,IJ_PX_C7,7,4914,49.14,155.53,5191,51.91,-50.43,205.96,4702.0,47.02,158.37,4959.0,49.59,-45.42,203.79
Shoulder Flex/Ext,NOT_C7,Perfect,1,981,9.81,160.84,1323,13.23,-49.45,210.29,872.0,8.72,161.0,1176.0,11.76,-41.87,202.87
Shoulder Flex/Ext,NOT_C7,Perfect,2,1715,17.15,159.24,1998,19.98,-51.64,210.88,1572.0,15.72,162.88,1896.0,18.96,-43.86,206.74
Shoulder Flex/Ext,NOT_C7,Perfect,3,2331,23.31,159.45,2655,26.55,-50.86,210.31,2251.0,22.51,161.91,2535.0,25.35,-46.85,208.76
Shoulder Flex/Ext,NOT_C7,Perfect,4,2986,29.86,156.69,3321,33.21,-50.04,206.73,2871.0,28.71,161.62,3147.0,31.47,-45.16,206.78
Shoulder Flex/Ext,NOT_C7,Perfect,5,3637,36.37,157.23,3923,39.23,-44.28,201.51,3475.0,34.75,163.18,3779.0,37.79,-46.0,209.18
Shoulder Flex/Ext,NOT_C7,Perfect,6,4246,42.46,154.66,4555,45.55,-49.78,204.44,4129.0,41.29,163.96,4401.0,44.01,-47.25,211.21
Shoulder Flex/Ext,NOT_C7,Perfect,7,4914,49.14,158.2,5191,51.91,-47.76,205.96,4702.0,47.02,161.04,4959.0,49.59,-42.75,203.79
Shoulder Abd/Add,Complete,IJ_C7,1,1004,10.04,172.59,1344,13.44,-8.68,181.27,938.0,9.38,167.29,1244.0,12.44,-6.92,174.21
Shoulder Abd/Add,Complete,IJ_C7,2,1604,16.04,172.67,1938,19.38,-7.57,180.24,1466.0,14.66,166.57,1749.0,17.49,3.57,163.0
Shoulder Abd/Add,Complete,IJ_C7,3,2172,21.72,173.71,2455,24.55,-13.14,186.85,1948.0,19.48,166.48,2244.0,22.44,-3.86,170.33
Shoulder Abd/Add,Complete,IJ_C7,4,2653,26.53,172.4,2919,29.19,-12.2,184.6,2448.0,24.48,167.74,2701.0,27.01,-5.39,173.13
Shoulder Abd/Add,Complete,IJ_C7,5,3137,31.37,170.69,3407,34.07,-15.06,185.75,2915.0,29.15,165.84,3192.0,31.92,-3.72,169.55
Shoulder Abd/Add,Complete,IJ_C7,6,3628,36.28,173.12,3894,38.94,-13.94,187.06,3398.0,33.98,163.21,3682.0,36.82,-5.02,168.23
Shoulder Abd/Add,Complete,IJ_C7,7,4105,41.05,171.99,4363,43.63,-11.63,183.62,3885.0,38.85,164.38,4191.0,41.91,-1.98,166.36
Shoulder Abd/Add,Complete,PX_C7,1,1004,10.04,172.59,1344,13.44,-8.68,181.27,938.0,9.38,167.29,1244.0,12.44,-6.92,174.21
Shoulder Abd/Add,Complete,PX_C7,2,1604,16.04,172.67,1938,19.38,-7.57,180.24,1466.0,14.66,166.57,1749.0,17.49,3.57,163.0
Shoulder Abd/Add,Complete,PX_C7,3,2172,21.72,173.71,2455,24.55,-13.14,186.85,1948.0,19.48,166.48,2244.0,22.44,-3.86,170.33
Shoulder Abd/Add,Complete,PX_C7,4,2653,26.53,172.4,2919,29.19,-12.2,184.6,2448.0,24.48,167.74,2701.0,27.01,-5.39,173.13
Shoulder Abd/Add,Complete,PX_C7,5,3137,31.37,170.69,3407,34.07,-15.06,185.75,2915.0,29.15,165.84,3192.0,31.92,-3.72,169.55
Shoulder Abd/Add,Complete,PX_C7,6,3628,36.28,173.12,3894,38.94,-13.94,187.06,3398.0,33.98,163.21,3682.0,36.82,-5.02,168.23
Shoulder Abd/Add,Complete,PX_C7,7,4105,41.05,171.99,4363,43.63,-11.63,183.62,3885.0,38.85,164.38,4191.0,41.91,-1.98,166.36
Shoulder Abd/Add,Complete,IJ_PX_C7,1,1004,10.04,172.59,1344,13.44,-8.68,181.27,938.0,9.38,167.29,1244.0,12.44,-6.92,174.21
Shoulder Abd/Add,Complete,IJ_PX_C7,2,1604,16.04,172.67,1938,19.38,-7.57,180.24,1466.0,14.66,166.57,1749.0,17.49,3.57,163.0
Shoulder Abd/Add,Complete,IJ_PX_C7,3,2172,21.72,173.71,2455,24.55,-13.14,186.85,1948.0,19.48,166.48,2244.0,22.44,-3.86,170.33
Shoulder Abd/Add,Complete,IJ_PX_C7,4,2653,26.53,172.4,2919,29.19,-12.2,184.6,2448.0,24.48,167.74,2701.0,27.01,-5.39,173.13
Shoulder Abd/Add,Complete,IJ_PX_C7,5,3137,31.37,170.69,3407,34.07,-15.06,185.75,2915.0,29.15,165.84,3192.0,31.92,-3.72,169.55
Shoulder Abd/Add,Complete,IJ_PX_C7,6,3628,36.28,173.12,3894,38.94,-13.94,187.06,3398.0,33.98,163.21,3682.0,36.82,-5.02,168.23
Shoulder Abd/Add,Complete,IJ_PX_C7,7,4105,41.05,171.99,4363,43.63,-11.63,183.62,3885.0,38.85,164.38,4191.0,41.91,-1.98,166.36
Shoulder Abd/Add,Complete,Perfect,1,1004,10.04,172.59,1344,13.44,-8.68,181.27,938.0,9.38,167.29,1244.0,12.44,-6.92,174.21
Shoulder Abd/Add,Complete,Perfect,2,1604,16.04,172.67,1938,19.38,-7.57,180.24,1466.0,14.66,166.57,1749.0,17.49,3.57,163.0
Shoulder Abd/Add,Complete,Perfect,3,2172,21.72,173.71,2455,24.55,-13.14,186.85,1948.0,19.48,166.48,2244.0,22.44,-3.86,170.33
Shoulder Abd/Add,Complete,Perfect,4,2653,26.53,172.4,2919,29.19,-12.2,184.6,2448.0,24.48,167.74,2701.0,27.01,-5.39,173.13
Shoulder Abd/Add,Complete,Perfect,5,3137,31.37,170.69,3407,34.07,-15.06,185.75,2915.0,29.15,165.84,3192.0,31.92,-3.72,169.55
Shoulder Abd/Add,Complete,Perfect,6,3628,36.28,173.12,3894,38.94,-13.94,187.06,3398.0,33.98,163.21,3682.0,36.82,-5.02,168.23
Shoulder Abd/Add,Complete,Perfect,7,4105,41.05,171.99,4363,43.63,-11.63,183.62,3885.0,38.85,164.38,4191.0,41.91,-1.98,166.36
Shoulder Abd/Add,C7,IJ_C7,1,1007,10.07,177.72,1344,13.44,-8.49,186.21,936.0,9.36,171.66,1244.0,12.44,-10.43,182.09
Shoulder Abd/Add,C7,IJ_C7,2,1608,16.08,177.83,1931,19.31,-7.7,185.53,1466.0,14.66,169.87,1744.0,17.44,0.71,169.16
Shoulder Abd/Add,C7,IJ_C7,3,2172,21.72,175.35,2455,24.55,-12.97,188.31,1949.0,19.49,170.72,2240.0,22.4,-6.71,177.43
Shoulder Abd/Add,C7,IJ_C7,4,2654,26.54,177.25,2916,29.16,-12.41,189.66,2448.0,24.48,172.19,2701.0,27.01,-8.57,180.76
Shoulder Abd/Add,C7,IJ_C7,5,3138,31.38,176.53,3407,34.07,-15.26,191.79,2915.0,29.15,168.56,3195.0,31.95,-6.82,175.38
Shoulder Abd/Add,C7,IJ_C7,6,3628,36.28,178.99,3893,38.93,-14.42,193.41,3398.0,33.98,167.47,3682.0,36.82,-8.1,175.57
Shoulder Abd/Add,C7,IJ_C7,7,4103,41.03,177.3,4356,43.56,-10.89,188.19,3885.0,38.85,167.6,4191.0,41.91,-4.7,172.3
Shoulder Abd/Add,C7,PX_C7,1,1007,10.07,177.74,1344,13.44,-8.54,186.29,936.0,9.36,171.74,1244.0,12.44,-10.5,182.24
Shoulder Abd/Add,C7,PX_C7,2,1608,16.08,177.86,1931,19.31,-7.74,185.6,1466.0,14.66,169.97,1744.0,17.44,0.71,169.26
Shoulder Abd/Add,C7,PX_C7,3,2172,21.72,175.41,2455,24.55,-13.06,188.46,1949.0,19.49,170.82,2240.0,22.4,-6.74,177.56
Shoulder Abd/Add,C7,PX_C7,4,2654,26.54,177.28,2916,29.16,-12.48,189.77,2448.0,24.48,172.27,2701.0,27.01,-8.63,180.9
Shoulder Abd/Add,C7,PX_C7,5,3138,31.38,176.57,3407,34.07,-15.35,191.92,2915.0,29.15,168.67,3195.0,31.95,-6.86,175.54
Shoulder Abd/Add,C7,PX_C7,6,3628,36.28,179.0,3893,38.93,-14.5,193.51,3398.0,33.98,167.6,3682.0,36.82,-8.15,175.75
Shoulder Abd/Add,C7,PX_C7,7,4103,41.03,177.33,4356,43.56,-10.95,188.28,3885.0,38.85,167.71,4191.0,41.91,-4.73,172.45
Shoulder Abd/Add,C7,IJ_PX_C7,1,1007,10.07,177.73,1344,13.44,-8.52,186.25,936.0,9.36,171.7,1244.0,12.44,-10.46,182.17
Shoulder Abd/Add,C7,IJ_PX_C7,2,1608,16.08,177.85,1931,19.31,-7.72,185.57,1466.0,14.66,169.92,1744.0,17.44,0.71,169.21
Shoulder Abd/Add,C7,IJ_PX_C7,3,2172,21.72,175.38,2455,24.55,-13.01,188.39,1949.0,19.49,170.77,2240.0,22.4,-6.72,177.5
Shoulder Abd/Add,C7,IJ_PX_C7,4,2654,26.54,177.27,2916,29.16,-12.44,189.71,2448.0,24.48,172.23,2701.0,27.01,-8.6,180.83
Shoulder Abd/Add,C7,IJ_PX_C7,5,3138,31.38,176.55,3407,34.07,-15.3,191.85,2915.0,29.15,168.62,3195.0,31.95,-6.84,175.46
Shoulder Abd/Add,C7,IJ_PX_C7,6,3628,36.28,179.0,3893,38.93,-14.46,193.46,3398.0,33.98,167.54,3682.0,36.82,-8.13,175.66
Shoulder Abd/Add,C7,IJ_PX_C7,7,4103,41.03,177.31,4356,43.56,-10.92,188.23,3885.0,38.85,167.66,4191.0,41.91,-4.71,172.37
Shoulder Abd/Add,C7,Perfect,1,1007,10.07,177.78,1344,13.44,-8.64,186.42,936.0,9.36,171.87,1244.0,12.44,-10.61,182.47
Shoulder Abd/Add,C7,Perfect,2,1608,16.08,177.9,1931,19.31,-7.82,185.72,1466.0,14.66,170.12,1744.0,17.44,0.72,169.4
Shoulder Abd/Add,C7,Perfect,3,2172,21.72,175.49,2455,24.55,-13.22,188.71,1949.0,19.49,170.95,2240.0,22.4,-6.8,177.75
Shoulder Abd/Add,C7,Perfect,4,2654,26.54,177.33,2916,29.16,-12.61,189.94,2448.0,24.48,172.39,2701.0,27.01,-8.74,181.13
Shoulder Abd/Add,C7,Perfect,5,3138,31.38,176.63,3407,34.07,-15.52,192.14,2915.0,29.15,168.85,3195.0,31.95,-6.94,175.79
Shoulder Abd/Add,C7,Perfect,6,3628,36.28,179.02,3893,38.93,-14.64,193.67,3398.0,33.98,167.79,3682.0,36.82,-8.24,176.03
Shoulder Abd/Add,C7,Perfect,7,4103,41.03,177.38,4356,43.56,-11.05,188.43,3885.0,38.85,167.88,4191.0,41.91,-4.79,172.67
Shoulder Abd/Add,NOT_C7,IJ_C7,1,1006,10.06,172.41,1344,13.44,-8.5,180.9,938.0,9.38,170.61,1244.0,12.44,-12.27,182.88
Shoulder Abd/Add,NOT_C7,IJ_C7,2,1604,16.04,172.03,1938,19.38,-7.98,180.0,1468.0,14.68,169.36,1744.0,17.44,0.74,168.62
Shoulder Abd/Add,NOT_C7,IJ_C7,3,2172,21.72,171.05,2455,24.55,-13.27,184.32,1948.0,19.48,168.4,2243.0,22.43,-7.93,176.33
Shoulder Abd/Add,NOT_C7,IJ_C7,4,2654,26.54,171.27,2919,29.19,-12.74,184.0,2449.0,24.49,170.96,2702.0,27.02,-10.88,181.83
Shoulder Abd/Add,NOT_C7,IJ_C7,5,3135,31.35,169.67,3407,34.07,-16.24,185.91,2914.0,29.14,169.57,3192.0,31.92,-9.2,178.78
Shoulder Abd/Add,NOT_C7,IJ_C7,6,3628,36.28,172.86,3893,38.93,-15.07,187.93,3398.0,33.98,167.66,3682.0,36.82,-10.77,178.43
Shoulder Abd/Add,NOT_C7,IJ_C7,7,4106,41.06,170.89,4363,43.63,-11.29,182.18,3885.0,38.85,166.82,4177.0,41.77,-7.17,174.0
Shoulder Abd/Add,NOT_C7,PX_C7,1,1006,10.06,172.48,1344,13.44,-8.54,181.03,938.0,9.38,170.69,1244.0,12.44,-12.32,183.01
Shoulder Abd/Add,NOT_C7,PX_C7,2,1604,16.04,172.11,1938,19.38,-8.02,180.13,1468.0,14.68,169.45,1744.0,17.44,0.75,168.7
Shoulder Abd/Add,NOT_C7,PX_C7,3,2172,21.72,171.15,2455,24.55,-13.36,184.51,1948.0,19.48,168.48,2243.0,22.43,-7.96,176.44
Shoulder Abd/Add,NOT_C7,PX_C7,4,2654,26.54,171.35,2919,29.19,-12.81,184.16,2449.0,24.49,171.03,2702.0,27.02,-10.94,181.97
Shoulder Abd/Add,NOT_C7,PX_C7,5,3135,31.35,169.77,3407,34.07,-16.33,186.09,2914.0,29.14,169.66,3192.0,31.92,-9.26,178.92
Shoulder Abd/Add,NOT_C7,PX_C7,6,3628,36.28,172.93,3893,38.93,-15.14,188.08,3398.0,33.98,167.77,3682.0,36.82,-10.83,178.6
Shoulder Abd/Add,NOT_C7,PX_C7,7,4106,41.06,170.99,4363,43.63,-11.34,182.33,3885.0,38.85,166.91,4177.0,41.77,-7.22,174.13
Shoulder Abd/Add,NOT_C7,IJ_PX_C7,1,1006,10.06,172.45,1344,13.44,-8.52,180.97,938.0,9.38,170.65,1244.0,12.44,-12.3,182.95
Shoulder Abd/Add,NOT_C7,IJ_PX_C7,2,1604,16.04,172.07,1938,19.38,-8.0,180.07,1468.0,14.68,169.41,1744.0,17.44,0.74,168.66
Shoulder Abd/Add,NOT_C7,IJ_PX_C7,3,2172,21.72,171.1,2455,24.55,-13.31,184.41,1948.0,19.48,168.44,2243.0,22.43,-7.94,176.38
Shoulder Abd/Add,NOT_C7,IJ_PX_C7,4,2654,26.54,171.31,2919,29.19,-12.77,184.08,2449.0,24.49,170.99,2702.0,27.02,-10.91,181.9
Shoulder Abd/Add,NOT_C7,IJ_PX_C7,5,3135,31.35,169.72,3407,34.07,-16.28,186.0,2914.0,29.14,169.62,3192.0,31.92,-9.23,178.85
Shoulder Abd/Add,NOT_C7,IJ_PX_C7,6,3628,36.28,172.9,3893,38.93,-15.11,188.0,3398.0,33.98,167.72,3682.0,36.82,-10.8,178.51
Shoulder Abd/Add,NOT_C7,IJ_PX_C7,7,4106,41.06,170.94,4363,43.63,-11.32,182.26,3885.0,38.85,166.87,4177.0,41.77,-7.2,174.07
Shoulder Abd/Add,NOT_C7,Perfect,1,1006,10.06,172.59,1344,13.44,-8.63,181.22,938.0,9.38,170.81,1244.0,12.44,-12.41,183.22
Shoulder Abd/Add,NOT_C7,Perfect,2,1604,16.04,172.23,1938,19.38,-8.1,180.33,1468.0,14.68,169.58,1744.0,17.44,0.75,168.83
Shoulder Abd/Add,NOT_C7,Perfect,3,2172,21.72,171.29,2455,24.55,-13.52,184.81,1948.0,19.48,168.6,2243.0,22.43,-8.02,176.62
Shoulder Abd/Add,NOT_C7,Perfect,4,2654,26.54,171.47,2919,29.19,-12.94,184.42,2449.0,24.49,171.15,2702.0,27.02,-11.04,182.19
Shoulder Abd/Add,NOT_C7,Perfect,5,3135,31.35,169.9,3407,34.07,-16.48,186.38,2914.0,29.14,169.78,3192.0,31.92,-9.35,179.13
Shoulder Abd/Add,NOT_C7,Perfect,6,3628,36.28,173.04,3893,38.93,-15.28,188.32,3398.0,33.98,167.93,3682.0,36.82,-10.93,178.87
Shoulder Abd/Add,NOT_C7,Perfect,7,4106,41.06,171.13,4363,43.63,-11.44,182.57,3885.0,38.85,167.05,4177.0,41.77,-7.29,174.34
Shoulder Int/Ext Rot,Complete,IJ_C7,1,1761,17.61,74.94,1914,19.14,-12.07,87.01,1293.0,12.93,87.18,1480.0,14.8,4.28,82.91
Shoulder Int/Ext Rot,Complete,IJ_C7,2,2115,21.15,76.71,2285,22.85,-6.6,83.31,1675.0,16.75,91.17,1901.0,19.01,3.73,87.44
Shoulder Int/Ext Rot,Complete,IJ_C7,3,2488,24.88,80.37,2642,26.42,-5.48,85.86,2067.0,20.67,96.22,2251.0,22.51,1.35,94.87
Shoulder Int/Ext Rot,Complete,IJ_C7,4,2836,28.36,80.3,2993,29.93,-5.19,85.49,2408.0,24.08,95.79,2610.0,26.1,6.71,89.08
Shoulder Int/Ext Rot,Complete,IJ_C7,5,3190,31.9,81.8,3320,33.2,-0.9,82.7,2760.0,27.6,89.26,2946.0,29.46,5.03,84.23
Shoulder Int/Ext Rot,Complete,IJ_C7,6,3560,35.6,75.89,3733,37.33,-6.06,81.95,3087.0,30.87,90.76,3266.0,32.66,4.51,86.24
Shoulder Int/Ext Rot,Complete,PX_C7,1,1761,17.61,74.94,1914,19.14,-12.07,87.01,1293.0,12.93,87.18,1480.0,14.8,4.28,82.91
Shoulder Int/Ext Rot,Complete,PX_C7,2,2115,21.15,76.71,2285,22.85,-6.6,83.31,1675.0,16.75,91.17,1901.0,19.01,3.73,87.44
Shoulder Int/Ext Rot,Complete,PX_C7,3,2488,24.88,80.37,2642,26.42,-5.48,85.86,2067.0,20.67,96.22,2251.0,22.51,1.35,94.87
Shoulder Int/Ext Rot,Complete,PX_C7,4,2836,28.36,80.3,2993,29.93,-5.19,85.49,2408.0,24.08,95.79,2610.0,26.1,6.71,89.08
Shoulder Int/Ext Rot,Complete,PX_C7,5,3190,31.9,81.8,3320,33.2,-0.9,82.7,2760.0,27.6,89.26,2946.0,29.46,5.03,84.23
Shoulder Int/Ext Rot,Complete,PX_C7,6,3560,35.6,75.89,3733,37.33,-6.06,81.95,3087.0,30.87,90.76,3266.0,32.66,4.51,86.24
Shoulder Int/Ext Rot,Complete,IJ_PX_C7,1,1761,17.61,74.94,1914,19.14,-12.07,87.01,1293.0,12.93,87.18,1480.0,14.8,4.28,82.91
Shoulder Int/Ext Rot,Complete,IJ_PX_C7,2,2115,21.15,76.71,2285,22.85,-6.6,83.31,1675.0,16.75,91.17,1901.0,19.01,3.73,87.44
Shoulder Int/Ext Rot,Complete,IJ_PX_C7,3,2488,24.88,80.37,2642,26.42,-5.48,85.86,2067.0,20.67,96.22,2251.0,22.51,1.35,94.87
Shoulder Int/Ext Rot,Complete,IJ_PX_C7,4,2836,28.36,80.3,2993,29.93,-5.19,85.49,2408.0,24.08,95.79,2610.0,26.1,6.71,89.08
Shoulder Int/Ext Rot,Complete,IJ_PX_C7,5,3190,31.9,81.8,3320,33.2,-0.9,82.7,2760.0,27.6,89.26,2946.0,29.46,5.03,84.23
Shoulder Int/Ext Rot,Complete,IJ_PX_C7,6,3560,35.6,75.89,3733,37.33,-6.06,81.95,3087.0,30.87,90.76,3266.0,32.66,4.51,86.24
Shoulder Int/Ext Rot,Complete,Perfect,1,1761,17.61,74.94,1914,19.14,-12.07,87.01,1293.0,12.93,87.18,1480.0,14.8,4.28,82.91
Shoulder Int/Ext Rot,Complete,Perfect,2,2115,21.15,76.71,2285,22.85,-6.6,83.31,1675.0,16.75,91.17,1901.0,19.01,3.73,87.44
Shoulder Int/Ext Rot,Complete,Perfect,3,2488,24.88,80.37,2642,26.42,-5.48,85.86,2067.0,20.67,96.22,2251.0,22.51,1.35,94.87
Shoulder Int/Ext Rot,Complete,Perfect,4,2836,28.36,80.3,2993,29.93,-5.19,85.49,2408.0,24.08,95.79,2610.0,26.1,6.71,89.08
Shoulder Int/Ext Rot,Complete,Perfect,5,3190,31.9,81.8,3320,33.2,-0.9,82.7,2760.0,27.6,89.26,2946.0,29.46,5.03,84.23
Shoulder Int/Ext Rot,Complete,Perfect,6,3560,35.6,75.89,3733,37.33,-6.06,81.95,3087.0,30.87,90.76,3266.0,32.66,4.51,86.24
Shoulder Int/Ext Rot,C7,IJ_C7,1,1762,17.62,77.14,1901,19.01,-6.45,83.59,1293.0,12.93,87.57,1508.0,15.08,8.24,79.33
Shoulder Int/Ext Rot,C7,IJ_C7,2,2115,21.15,79.79,2258,22.58,-3.22,83.01,1675.0,16.75,91.71,1901.0,19.01,7.11,84.6
Shoulder Int/Ext Rot,C7,IJ_C7,3,2488,24.88,83.06,2643,26.43,-0.29,83.35,2066.0,20.66,95.0,2242.0,22.42,3.79,91.21
Shoulder Int/Ext Rot,C7,IJ_C7,4,2836,28.36,81.95,2989,29.89,-3.3,85.24,2408.0,24.08,95.81,2563.0,25.63,11.43,84.39
Shoulder Int/Ext Rot,C7,IJ_C7,5,3190,31.9,83.15,3387,33.87,0.69,82.45,2775.0,27.75,90.7,2946.0,29.46,9.52,81.19
Shoulder Int/Ext Rot,C7,IJ_C7,6,3560,35.6,75.14,3722,37.22,-3.95,79.09,3088.0,30.88,91.81,3266.0,32.66,7.76,84.05
Shoulder Int/Ext Rot,C7,PX_C7,1,1762,17.62,77.14,1901,19.01,-6.45,83.59,1293.0,12.93,87.57,1508.0,15.08,8.24,79.33
Shoulder Int/Ext Rot,C7,PX_C7,2,2115,21.15,79.79,2258,22.58,-3.22,83.01,1675.0,16.75,91.71,1901.0,19.01,7.11,84.6
Shoulder Int/Ext Rot,C7,PX_C7,3,2488,24.88,83.06,2643,26.43,-0.29,83.35,2066.0,20.66,95.0,2242.0,22.42,3.79,91.21
Shoulder Int/Ext Rot,C7,PX_C7,4,2836,28.36,81.95,2989,29.89,-3.3,85.24,2408.0,24.08,95.81,2563.0,25.63,11.43,84.39
Shoulder Int/Ext Rot,C7,PX_C7,5,3190,31.9,83.15,3387,33.87,0.69,82.45,2775.0,27.75,90.7,2946.0,29.46,9.52,81.19
Shoulder Int/Ext Rot,C7,PX_C7,6,3560,35.6,75.14,3722,37.22,-3.95,79.09,3088.0,30.88,91.81,3266.0,32.66,7.76,84.05
Shoulder Int/Ext Rot,C7,IJ_PX_C7,1,1762,17.62,77.14,1901,19.01,-6.45,83.59,1293.0,12.93,87.57,1508.0,15.08,8.24,79.33
Shoulder Int/Ext Rot,C7,IJ_PX_C7,2,2115,21.15,79.79,2258,22.58,-3.22,83.01,1675.0,16.75,91.71,1901.0,19.01,7.11,84.6
Shoulder Int/Ext Rot,C7,IJ_PX_C7,3,2488,24.88,83.06,2643,26.43,-0.29,83.35,2066.0,20.66,95.0,2242.0,22.42,3.79,91.21
Shoulder Int/Ext Rot,C7,IJ_PX_C7,4,2836,28.36,81.95,2989,29.89,-3.3,85.24,2408.0,24.08,95.81,2563.0,25.63,11.43,84.39
Shoulder Int/Ext Rot,C7,IJ_PX_C7,5,3190,31.9,83.15,3387,33.87,0.69,82.45,2775.0,27.75,90.7,2946.0,29.46,9.52,81.19
Shoulder Int/Ext Rot,C7,IJ_PX_C7,6,3560,35.6,75.14,3722,37.22,-3.95,79.09,3088.0,30.88,91.81,3266.0,32.66,7.76,84.05
Shoulder Int/Ext Rot,C7,Perfect,1,1762,17.62,77.14,1901,19.01,-6.45,83.59,1293.0,12.93,87.57,1508.0,15.08,8.24,79.33
Shoulder Int/Ext Rot,C7,Perfect,2,2115,21.15,79.79,2258,22.58,-3.22,83.01,1675.0,16.75,91.71,1901.0,19.01,7.11,84.6
Shoulder Int/Ext Rot,C7,Perfect,3,2488,24.88,83.06,2643,26.43,-0.29,83.35,2066.0,20.66,95.0,2242.0,22.42,3.79,91.21
Shoulder Int/Ext Rot,C7,Perfect,4,2836,28.36,81.95,2989,29.89,-3.3,85.24,2408.0,24.08,95.81,2563.0,25.63,11.43,84.39
Shoulder Int/Ext Rot,C7,Perfect,5,3190,31.9,83.15,3387,33.87,0.69,82.45,2775.0,27.75,90.7,2946.0,29.46,9.52,81.19
Shoulder Int/Ext Rot,C7,Perfect,6,3560,35.6,75.14,3722,37.22,-3.95,79.09,3088.0,30.88,91.81,3266.0,32.66,7.76,84.05
Shoulder Int/Ext Rot,NOT_C7,IJ_C7,1,1763,17.63,69.12,1893,18.93,-19.25,88.37,1280.0,12.8,91.82,1462.0,14.62,6.11,85.71
Shoulder Int/Ext Rot,NOT_C7,IJ_C7,2,2115,21.15,70.74,2258,22.58,-14.9,85.64,1681.0,16.81,97.67,1901.0,19.01,6.31,91.36
Shoulder Int/Ext Rot,NOT_C7,IJ_C7,3,2484,24.84,75.18,2643,26.43,-13.1,88.28,2066.0,20.66,101.17,2251.0,22.51,4.79,96.38
Shoulder Int/Ext Rot,NOT_C7,IJ_C7,4,2833,28.33,75.94,2989,29.89,-15.33,91.27,2407.0,24.07,101.3,2609.0,26.09,7.52,93.77
Shoulder Int/Ext Rot,NOT_C7,IJ_C7,5,3190,31.9,75.51,3320,33.2,-7.21,82.73,2768.0,27.68,93.22,2946.0,29.46,4.47,88.75
Shoulder Int/Ext Rot,NOT_C7,IJ_C7,6,3560,35.6,73.65,3733,37.33,-12.5,86.15,3088.0,30.88,93.56,3266.0,32.66,4.73,88.83
Shoulder Int/Ext Rot,NOT_C7,PX_C7,1,1763,17.63,69.12,1893,18.93,-19.25,88.37,1280.0,12.8,91.82,1462.0,14.62,6.11,85.71
Shoulder Int/Ext Rot,NOT_C7,PX_C7,2,2115,21.15,70.74,2258,22.58,-14.9,85.64,1681.0,16.81,97.67,1901.0,19.01,6.31,91.36
Shoulder Int/Ext Rot,NOT_C7,PX_C7,3,2484,24.84,75.18,2643,26.43,-13.1,88.28,2066.0,20.66,101.17,2251.0,22.51,4.79,96.38
Shoulder Int/Ext Rot,NOT_C7,PX_C7,4,2833,28.33,75.94,2989,29.89,-15.33,91.27,2407.0,24.07,101.3,2609.0,26.09,7.52,93.77
Shoulder Int/Ext Rot,NOT_C7,PX_C7,5,3190,31.9,75.51,3320,33.2,-7.21,82.73,2768.0,27.68,93.22,2946.0,29.46,4.47,88.75
Shoulder Int/Ext Rot,NOT_C7,PX_C7,6,3560,35.6,73.65,3733,37.33,-12.5,86.15,3088.0,30.88,93.56,3266.0,32.66,4.73,88.83
Shoulder Int/Ext Rot,NOT_C7,IJ_PX_C7,1,1763,17.63,69.12,1893,18.93,-19.25,88.37,1280.0,12.8,91.82,1462.0,14.62,6.11,85.71
Shoulder Int/Ext Rot,NOT_C7,IJ_PX_C7,2,2115,21.15,70.74,2258,22.58,-14.9,85.64,1681.0,16.81,97.67,1901.0,19.01,6.31,91.36
Shoulder Int/Ext Rot,NOT_C7,IJ_PX_C7,3,2484,24.84,75.18,2643,26.43,-13.1,88.28,2066.0,20.66,101.17,2251.0,22.51,4.79,96.38
Shoulder Int/Ext Rot,NOT_C7,IJ_PX_C7,4,2833,28.33,75.94,2989,29.89,-15.33,91.27,2407.0,24.07,101.3,2609.0,26.09,7.52,93.77
Shoulder Int/Ext Rot,NOT_C7,IJ_PX_C7,5,3190,31.9,75.51,3320,33.2,-7.21,82.73,2768.0,27.68,93.22,2946.0,29.46,4.47,88.75
Shoulder Int/Ext Rot,NOT_C7,IJ_PX_C7,6,3560,35.6,73.65,3733,37.33,-12.5,86.15,3088.0,30.88,93.56,3266.0,32.66,4.73,88.83
Shoulder Int/Ext Rot,NOT_C7,Perfect,1,1763,17.63,69.12,1893,18.93,-19.25,88.37,1280.0,12.8,91.82,1462.0,14.62,6.11,85.71
Shoulder Int/Ext Rot,NOT_C7,Perfect,2,2115,21.15,70.74,2258,22.58,-14.9,85.64,1681.0,16.81,97.67,1901.0,19.01,6.31,91.36
Shoulder Int/Ext Rot,NOT_C7,Perfect,3,2484,24.84,75.18,2643,26.43,-13.1,88.28,2066.0,20.66,101.17,2251.0,22.51,4.79,96.38
Shoulder Int/Ext Rot,NOT_C7,Perfect,4,2833,28.33,75.94,2989,29.89,-15.33,91.27,2407.0,24.07,101.3,2609.0,26.09,7.52,93.77
Shoulder Int/Ext Rot,NOT_C7,Perfect,5,3190,31.9,75.51,3320,33.2,-7.21,82.73,2768.0,27.68,93.22,2946.0,29.46,4.47,88.75
Shoulder Int/Ext Rot,NOT_C7,Perfect,6,3560,35.6,73.65,3733,37.33,-12.5,86.15,3088.0,30.88,93.56,3266.0,32.66,4.73,88.83
Elbow Flex/Ext,Complete,IJ_C7,1,807,8.07,135.22,1051,10.51,-1.57,136.79,824.0,8.24,135.08,948.0,9.48,0.57,134.51
Elbow Flex/Ext,Complete,IJ_C7,2,1251,12.51,133.56,1459,14.59,-4.38,137.95,1165.0,11.65,134.44,1335.0,13.35,1.57,132.87
Elbow Flex/Ext,Complete,IJ_C7,3,1666,16.66,134.51,1821,18.21,-0.8,135.32,1550.0,15.5,136.82,1706.0,17.06,0.8,136.02
Elbow Flex/Ext,Complete,IJ_C7,4,2012,20.12,133.51,2184,21.84,-1.84,135.34,1897.0,18.97,137.07,2067.0,20.67,0.31,136.75
Elbow Flex/Ext,Complete,IJ_C7,5,2357,23.57,133.58,2522,25.22,-1.6,135.18,2243.0,22.43,134.3,2420.0,24.2,1.4,132.89
Elbow Flex/Ext,Complete,IJ_C7,6,2705,27.05,133.59,2867,28.67,-0.04,133.63,2591.0,25.91,135.36,2771.0,27.71,2.52,132.84
Elbow Flex/Ext,Complete,IJ_C7,7,3050,30.5,133.41,3197,31.97,-0.78,134.19,2942.0,29.42,135.49,3103.0,31.03,1.83,133.66
Elbow Flex/Ext,Complete,PX_C7,1,807,8.07,135.22,1051,10.51,-1.57,136.79,824.0,8.24,135.08,948.0,9.48,0.57,134.51
Elbow Flex/Ext,Complete,PX_C7,2,1251,12.51,133.56,1459,14.59,-4.38,137.95,1165.0,11.65,134.44,1335.0,13.35,1.57,132.87
Elbow Flex/Ext,Complete,PX_C7,3,1666,16.66,134.51,1821,18.21,-0.8,135.32,1550.0,15.5,136.82,1706.0,17.06,0.8,136.02
Elbow Flex/Ext,Complete,PX_C7,4,2012,20.12,133.51,2184,21.84,-1.84,135.34,1897.0,18.97,137.07,2067.0,20.67,0.31,136.75
Elbow Flex/Ext,Complete,PX_C7,5,2357,23.57,133.58,2522,25.22,-1.6,135.18,2243.0,22.43,134.3,2420.0,24.2,1.4,132.89
Elbow Flex/Ext,Complete,PX_C7,6,2705,27.05,133.59,2867,28.67,-0.04,133.63,2591.0,25.91,135.36,2771.0,27.71,2.52,132.84
Elbow Flex/Ext,Complete,PX_C7,7,3050,30.5,133.41,3197,31.97,-0.78,134.19,2942.0,29.42,135.49,3103.0,31.03,1.83,133.66
Elbow Flex/Ext,Complete,IJ_PX_C7,1,807,8.07,135.22,1051,10.51,-1.57,136.79,824.0,8.24,135.08,948.0,9.48,0.57,134.51
Elbow Flex/Ext,Complete,IJ_PX_C7,2,1251,12.51,133.56,1459,14.59,-4.38,137.95,1165.0,11.65,134.44,1335.0,13.35,1.57,132.87
Elbow Flex/Ext,Complete,IJ_PX_C7,3,1666,16.66,134.51,1821,18.21,-0.8,135.32,1550.0,15.5,136.82,1706.0,17.06,0.8,136.02
Elbow Flex/Ext,Complete,IJ_PX_C7,4,2012,20.12,133.51,2184,21.84,-1.84,135.34,1897.0,18.97,137.07,2067.0,20.67,0.31,136.75
Elbow Flex/Ext,Complete,IJ_PX_C7,5,2357,23.57,133.58,2522,25.22,-1.6,135.18,2243.0,22.43,134.3,2420.0,24.2,1.4,132.89
Elbow Flex/Ext,Complete,IJ_PX_C7,6,2705,27.05,133.59,2867,28.67,-0.04,133.63,2591.0,25.91,135.36,2771.0,27.71,2.52,132.84
Elbow Flex/Ext,Complete,IJ_PX_C7,7,3050,30.5,133.41,3197,31.97,-0.78,134.19,2942.0,29.42,135.49,3103.0,31.03,1.83,133.66
Elbow Flex/Ext,Complete,Perfect,1,807,8.07,135.22,1051,10.51,-1.57,136.79,824.0,8.24,135.08,948.0,9.48,0.57,134.51
Elbow Flex/Ext,Complete,Perfect,2,1251,12.51,133.56,1459,14.59,-4.38,137.95,1165.0,11.65,134.44,1335.0,13.35,1.57,132.87
Elbow Flex/Ext,Complete,Perfect,3,1666,16.66,134.51,1821,18.21,-0.8,135.32,1550.0,15.5,136.82,1706.0,17.06,0.8,136.02
Elbow Flex/Ext,Complete,Perfect,4,2012,20.12,133.51,2184,21.84,-1.84,135.34,1897.0,18.97,137.07,2067.0,20.67,0.31,136.75
Elbow Flex/Ext,Complete,Perfect,5,2357,23.57,133.58,2522,25.22,-1.6,135.18,2243.0,22.43,134.3,2420.0,24.2,1.4,132.89
Elbow Flex/Ext,Complete,Perfect,6,2705,27.05,133.59,2867,28.67,-0.04,133.63,2591.0,25.91,135.36,2771.0,27.71,2.52,132.84
Elbow Flex/Ext,Complete,Perfect,7,3050,30.5,133.41,3197,31.97,-0.78,134.19,2942.0,29.42,135.49,3103.0,31.03,1.83,133.66
Elbow Flex/Ext,C7,IJ_C7,1,807,8.07,135.22,1051,10.51,-1.57,136.79,824.0,8.24,135.08,948.0,9.48,0.57,134.51
Elbow Flex/Ext,C7,IJ_C7,2,1251,12.51,133.56,1459,14.59,-4.38,137.95,1165.0,11.65,134.44,1335.0,13.35,1.57,132.87
Elbow Flex/Ext,C7,IJ_C7,3,1666,16.66,134.51,1821,18.21,-0.8,135.32,1550.0,15.5,136.82,1706.0,17.06,0.8,136.02
Elbow Flex/Ext,C7,IJ_C7,4,2012,20.12,133.51,2184,21.84,-1.84,135.34,1897.0,18.97,137.07,2067.0,20.67,0.31,136.75
Elbow Flex/Ext,C7,IJ_C7,5,2357,23.57,133.58,2522,25.22,-1.6,135.18,2243.0,22.43,134.3,2420.0,24.2,1.4,132.89
Elbow Flex/Ext,C7,IJ_C7,6,2705,27.05,133.59,2867,28.67,-0.04,133.63,2591.0,25.91,135.36,2771.0,27.71,2.52,132.84
Elbow Flex/Ext,C7,IJ_C7,7,3050,30.5,133.41,3197,31.97,-0.78,134.19,2942.0,29.42,135.49,3103.0,31.03,1.83,133.66
Elbow Flex/Ext,C7,PX_C7,1,807,8.07,135.22,1051,10.51,-1.57,136.79,824.0,8.24,135.08,948.0,9.48,0.57,134.51
Elbow Flex/Ext,C7,PX_C7,2,1251,12.51,133.56,1459,14.59,-4.38,137.95,1165.0,11.65,134.44,1335.0,13.35,1.57,132.87
Elbow Flex/Ext,C7,PX_C7,3,1666,16.66,134.51,1821,18.21,-0.8,135.32,1550.0,15.5,136.82,1706.0,17.06,0.8,136.02
Elbow Flex/Ext,C7,PX_C7,4,2012,20.12,133.51,2184,21.84,-1.84,135.34,1897.0,18.97,137.07,2067.0,20.67,0.31,136.75
Elbow Flex/Ext,C7,PX_C7,5,2357,23.57,133.58,2522,25.22,-1.6,135.18,2243.0,22.43,134.3,2420.0,24.2,1.4,132.89
Elbow Flex/Ext,C7,PX_C7,6,2705,27.05,133.59,2867,28.67,-0.04,133.63,2591.0,25.91,135.36,2771.0,27.71,2.52,132.84
Elbow Flex/Ext,C7,PX_C7,7,3050,30.5,133.41,3197,31.97,-0.78,134.19,2942.0,29.42,135.49,3103.0,31.03,1.83,133.66
Elbow Flex/Ext,C7,IJ_PX_C7,1,807,8.07,135.22,1051,10.51,-1.57,136.79,824.0,8.24,135.08,948.0,9.48,0.57,134.51
Elbow Flex/Ext,C7,IJ_PX_C7,2,1251,12.51,133.56,1459,14.59,-4.38,137.95,1165.0,11.65,134.44,1335.0,13.35,1.57,132.87
Elbow Flex/Ext,C7,IJ_PX_C7,3,1666,16.66,134.51,1821,18.21,-0.8,135.32,1550.0,15.5,136.82,1706.0,17.06,0.8,136.02
Elbow Flex/Ext,C7,IJ_PX_C7,4,2012,20.12,133.51,2184,21.84,-1.84,135.34,1897.0,18.97,137.07,2067.0,20.67,0.31,136.75
Elbow Flex/Ext,C7,IJ_PX_C7,5,2357,23.57,133.58,2522,25.22,-1.6,135.18,2243.0,22.43,134.3,2420.0,24.2,1.4,132.89
Elbow Flex/Ext,C7,IJ_PX_C7,6,2705,27.05,133.59,2867,28.67,-0.04,133.63,2591.0,25.91,135.36,2771.0,27.71,2.52,132.84
Elbow Flex/Ext,C7,IJ_PX_C7,7,3050,30.5,133.41,3197,31.97,-0.78,134.19,2942.0,29.42,135.49,3103.0,31.03,1.83,133.66
Elbow Flex/Ext,C7,Perfect,1,807,8.07,135.22,1051,10.51,-1.57,136.79,824.0,8.24,135.08,948.0,9.48,0.57,134.51
Elbow Flex/Ext,C7,Perfect,2,1251,12.51,133.56,1459,14.59,-4.38,137.95,1165.0,11.65,134.44,1335.0,13.35,1.57,132.87
Elbow Flex/Ext,C7,Perfect,3,1666,16.66,134.51,1821,18.21,-0.8,135.32,1550.0,15.5,136.82,1706.0,17.06,0.8,136.02
Elbow Flex/Ext,C7,Perfect,4,2012,20.12,133.51,2184,21.84,-1.84,135.34,1897.0,18.97,137.07,2067.0,20.67,0.31,136.75
Elbow Flex/Ext,C7,Perfect,5,2357,23.57,133.58,2522,25.22,-1.6,135.18,2243.0,22.43,134.3,2420.0,24.2,1.4,132.89
Elbow Flex/Ext,C7,Perfect,6,2705,27.05,133.59,2867,28.67,-0.04,133.63,2591.0,25.91,135.36,2771.0,27.71,2.52,132.84
Elbow Flex/Ext,C7,Perfect,7,3050,30.5,133.41,3197,31.97,-0.78,134.19,2942.0,29.42,135.49,3103.0,31.03,1.83,133.66
Elbow Flex/Ext,NOT_C7,IJ_C7,1,807,8.07,135.22,1051,10.51,-1.57,136.79,824.0,8.24,135.08,948.0,9.48,0.57,134.51
Elbow Flex/Ext,NOT_C7,IJ_C7,2,1251,12.51,133.56,1459,14.59,-4.38,137.95,1165.0,11.65,134.44,1335.0,13.35,1.57,132.87
Elbow Flex/Ext,NOT_C7,IJ_C7,3,1666,16.66,134.51,1821,18.21,-0.8,135.32,1550.0,15.5,136.82,1706.0,17.06,0.8,136.02
Elbow Flex/Ext,NOT_C7,IJ_C7,4,2012,20.12,133.51,2184,21.84,-1.84,135.34,1897.0,18.97,137.07,2067.0,20.67,0.31,136.75
Elbow Flex/Ext,NOT_C7,IJ_C7,5,2357,23.57,133.58,2522,25.22,-1.6,135.18,2243.0,22.43,134.3,2420.0,24.2,1.4,132.89
Elbow Flex/Ext,NOT_C7,IJ_C7,6,2705,27.05,133.59,2867,28.67,-0.04,133.63,2591.0,25.91,135.36,2771.0,27.71,2.52,132.84
Elbow Flex/Ext,NOT_C7,IJ_C7,7,3050,30.5,133.41,3197,31.97,-0.78,134.19,2942.0,29.42,135.49,3103.0,31.03,1.83,133.66
Elbow Flex/Ext,NOT_C7,PX_C7,1,807,8.07,135.22,1051,10.51,-1.57,136.79,824.0,8.24,135.08,948.0,9.48,0.57,134.51
Elbow Flex/Ext,NOT_C7,PX_C7,2,1251,12.51,133.56,1459,14.59,-4.38,137.95,1165.0,11.65,134.44,1335.0,13.35,1.57,132.87
Elbow Flex/Ext,NOT_C7,PX_C7,3,1666,16.66,134.51,1821,18.21,-0.8,135.32,1550.0,15.5,136.82,1706.0,17.06,0.8,136.02
Elbow Flex/Ext,NOT_C7,PX_C7,4,2012,20.12,133.51,2184,21.84,-1.84,135.34,1897.0,18.97,137.07,2067.0,20.67,0.31,136.75
Elbow Flex/Ext,NOT_C7,PX_C7,5,2357,23.57,133.58,2522,25.22,-1.6,135.18,2243.0,22.43,134.3,2420.0,24.2,1.4,132.89
Elbow Flex/Ext,NOT_C7,PX_C7,6,2705,27.05,133.59,2867,28.67,-0.04,133.63,2591.0,25.91,135.36,2771.0,27.71,2.52,132.84
Elbow Flex/Ext,NOT_C7,PX_C7,7,3050,30.5,133.41,3197,31.97,-0.78,134.19,2942.0,29.42,135.49,3103.0,31.03,1.83,133.66
Elbow Flex/Ext,NOT_C7,IJ_PX_C7,1,807,8.07,135.22,1051,10.51,-1.57,136.79,824.0,8.24,135.08,948.0,9.48,0.57,134.51
Elbow Flex/Ext,NOT_C7,IJ_PX_C7,2,1251,12.51,133.56,1459,14.59,-4.38,137.95,1165.0,11.65,134.44,1335.0,13.35,1.57,132.87
Elbow Flex/Ext,NOT_C7,IJ_PX_C7,3,1666,16.66,134.51,1821,18.21,-0.8,135.32,1550.0,15.5,136.82,1706.0,17.06,0.8,136.02
Elbow Flex/Ext,NOT_C7,IJ_PX_C7,4,2012,20.12,133.51,2184,21.84,-1.84,135.34,1897.0,18.97,137.07,2067.0,20.67,0.31,136.75
Elbow Flex/Ext,NOT_C7,IJ_PX_C7,5,2357,23.57,133.58,2522,25.22,-1.6,135.18,2243.0,22.43,134.3,2420.0,24.2,1.4,132.89
Elbow Flex/Ext,NOT_C7,IJ_PX_C7,6,2705,27.05,133.59,2867,28.67,-0.04,133.63,2591.0,25.91,135.36,2771.0,27.71,2.52,132.84
Elbow Flex/Ext,NOT_C7,IJ_PX_C7,7,3050,30.5,133.41,3197,31.97,-0.78,134.19,2942.0,29.42,135.49,3103.0,31.03,1.83,133.66
Elbow Flex/Ext,NOT_C7,Perfect,1,807,8.07,135.22,1051,10.51,-1.57,136.79,824.0,8.24,135.08,948.0,9.48,0.57,134.51
Elbow Flex/Ext,NOT_C7,Perfect,2,1251,12.51,133.56,1459,14.59,-4.38,137.95,1165.0,11.65,134.44,1335.0,13.35,1.57,132.87
Elbow Flex/Ext,NOT_C7,Perfect,3,1666,16.66,134.51,1821,18.21,-0.8,135.32,1550.0,15.5,136.82,1706.0,17.06,0.8,136.02
Elbow Flex/Ext,NOT_C7,Perfect,4,2012,20.12,133.51,2184,21.84,-1.84,135.34,1897.0,18.97,137.07,2067.0,20.67,0.31,136.75
Elbow Flex/Ext,NOT_C7,Perfect,5,2357,23.57,133.58,2522,25.22,-1.6,135.18,2243.0,22.43,134.3,2420.0,24.2,1.4,132.89
Elbow Flex/Ext,NOT_C7,Perfect,6,2705,27.05,133.59,2867,28.67,-0.04,133.63,2591.0,25.91,135.36,2771.0,27.71,2.52,132.84
Elbow Flex/Ext,NOT_C7,Perfect,7,3050,30.5,133.41,3197,31.97,-0.78,134.19,2942.0,29.42,135.49,3103.0,31.03,1.83,133.66
Trunk Extended Lateral Inclination,Complete,IJ_C7,1,786,7.86,20.51,1020,10.2,-19.69,40.2,,,,,,,
Trunk Extended Lateral Inclination,Complete,IJ_C7,2,1262,12.62,20.33,1529,15.29,-20.33,40.66,,,,,,,
Trunk Extended Lateral Inclination,Complete,IJ_C7,3,1711,17.11,20.63,1954,19.54,-20.85,41.48,,,,,,,
Trunk Extended Lateral Inclination,Complete,IJ_C7,4,2151,21.51,19.7,2383,23.83,-20.35,40.05,,,,,,,
Trunk Extended Lateral Inclination,Complete,IJ_C7,5,2573,25.73,20.02,2812,28.12,-21.03,41.05,,,,,,,
Trunk Extended Lateral Inclination,Complete,IJ_C7,6,2985,29.85,21.52,3224,32.24,-18.93,40.45,,,,,,,
Trunk Extended Lateral Inclination,Complete,IJ_C7,7,3379,33.79,19.89,3607,36.07,-20.41,40.3,,,,,,,
Trunk Extended Lateral Inclination,Complete,IJ_C7,8,3812,38.12,19.75,4026,40.26,-21.32,41.07,,,,,,,
Trunk Extended Lateral Inclination,Complete,PX_C7,1,786,7.86,20.51,1020,10.2,-19.69,40.2,,,,,,,
Trunk Extended Lateral Inclination,Complete,PX_C7,2,1262,12.62,20.33,1529,15.29,-20.33,40.66,,,,,,,
Trunk Extended Lateral Inclination,Complete,PX_C7,3,1711,17.11,20.63,1954,19.54,-20.85,41.48,,,,,,,
Trunk Extended Lateral Inclination,Complete,PX_C7,4,2151,21.51,19.7,2383,23.83,-20.35,40.05,,,,,,,
Trunk Extended Lateral Inclination,Complete,PX_C7,5,2573,25.73,20.02,2812,28.12,-21.03,41.05,,,,,,,
Trunk Extended Lateral Inclination,Complete,PX_C7,6,2985,29.85,21.52,3224,32.24,-18.93,40.45,,,,,,,
Trunk Extended Lateral Inclination,Complete,PX_C7,7,3379,33.79,19.89,3607,36.07,-20.41,40.3,,,,,,,
Trunk Extended Lateral Inclination,Complete,PX_C7,8,3812,38.12,19.75,4026,40.26,-21.32,41.07,,,,,,,
Trunk Extended Lateral Inclination,Complete,IJ_PX_C7,1,786,7.86,20.51,1020,10.2,-19.69,40.2,,,,,,,
Trunk Extended Lateral Inclination,Complete,IJ_PX_C7,2,1262,12.62,20.33,1529,15.29,-20.33,40.66,,,,,,,
Trunk Extended Lateral Inclination,Complete,IJ_PX_C7,3,1711,17.11,20.63,1954,19.54,-20.85,41.48,,,,,,,
Trunk Extended Lateral Inclination,Complete,IJ_PX_C7,4,2151,21.51,19.7,2383,23.83,-20.35,40.05,,,,,,,
Trunk Extended Lateral Inclination,Complete,IJ_PX_C7,5,2573,25.73,20.02,2812,28.12,-21.03,41.05,,,,,,,
Trunk Extended Lateral Inclination,Complete,IJ_PX_C7,6,2985,29.85,21.52,3224,32.24,-18.93,40.45,,,,,,,
Trunk Extended Lateral Inclination,Complete,IJ_PX_C7,7,3379,33.79,19.89,3607,36.07,-20.41,40.3,,,,,,,
Trunk Extended Lateral Inclination,Complete,IJ_PX_C7,8,3812,38.12,19.75,4026,40.26,-21.32,41.07,,,,,,,
Trunk Extended Lateral Inclination,Complete,Perfect,1,786,7.86,20.51,1020,10.2,-19.69,40.2,,,,,,,
Trunk Extended Lateral Inclination,Complete,Perfect,2,1262,12.62,20.33,1529,15.29,-20.33,40.66,,,,,,,
Trunk Extended Lateral Inclination,Complete,Perfect,3,1711,17.11,20.63,1954,19.54,-20.85,41.48,,,,,,,
Trunk Extended Lateral Inclination,Complete,Perfect,4,2151,21.51,19.7,2383,23.83,-20.35,40.05,,,,,,,
Trunk Extended Lateral Inclination,Complete,Perfect,5,2573,25.73,20.02,2812,28.12,-21.03,41.05,,,,,,,
Trunk Extended Lateral Inclination,Complete,Perfect,6,2985,29.85,21.52,3224,32.24,-18.93,40.45,,,,,,,
Trunk Extended Lateral Inclination,Complete,Perfect,7,3379,33.79,19.89,3607,36.07,-20.41,40.3,,,,,,,
Trunk Extended Lateral Inclination,Complete,Perfect,8,3812,38.12,19.75,4026,40.26,-21.32,41.07,,,,,,,
Trunk Extended Lateral Inclination,C7,IJ_C7,1,790,7.9,20.11,1019,10.19,-20.16,40.26,,,,,,,
Trunk Extended Lateral Inclination,C7,IJ_C7,2,1262,12.62,20.06,1529,15.29,-20.56,40.62,,,,,,,
Trunk Extended Lateral Inclination,C7,IJ_C7,3,1711,17.11,20.51,1954,19.54,-20.91,41.42,,,,,,,
Trunk Extended Lateral Inclination,C7,IJ_C7,4,2159,21.59,19.69,2383,23.83,-20.01,39.7,,,,,,,
Trunk Extended Lateral Inclination,C7,IJ_C7,5,2573,25.73,19.64,2812,28.12,-21.37,41.02,,,,,,,
Trunk Extended Lateral Inclination,C7,IJ_C7,6,2985,29.85,21.23,3224,32.24,-18.66,39.89,,,,,,,
Trunk Extended Lateral Inclination,C7,IJ_C7,7,3379,33.79,19.18,3602,36.02,-20.72,39.91,,,,,,,
Trunk Extended Lateral Inclination,C7,IJ_C7,8,3812,38.12,19.62,4025,40.25,-21.95,41.58,,,,,,,
Trunk Extended Lateral Inclination,C7,PX_C7,1,790,7.9,20.11,1019,10.19,-20.16,40.26,,,,,,,
Trunk Extended Lateral Inclination,C7,PX_C7,2,1262,12.62,20.06,1529,15.29,-20.56,40.62,,,,,,,
Trunk Extended Lateral Inclination,C7,PX_C7,3,1711,17.11,20.51,1954,19.54,-20.91,41.42,,,,,,,
Trunk Extended Lateral Inclination,C7,PX_C7,4,2159,21.59,19.69,2383,23.83,-20.01,39.7,,,,,,,
Trunk Extended Lateral Inclination,C7,PX_C7,5,2573,25.73,19.64,2812,28.12,-21.37,41.02,,,,,,,
Trunk Extended Lateral Inclination,C7,PX_C7,6,2985,29.85,21.23,3224,32.24,-18.66,39.89,,,,,,,
Trunk Extended Lateral Inclination,C7,PX_C7,7,3379,33.79,19.18,3602,36.02,-20.72,39.91,,,,,,,
Trunk Extended Lateral Inclination,C7,PX_C7,8,3812,38.12,19.62,4025,40.25,-21.95,41.58,,,,,,,
Trunk Extended Lateral Inclination,C7,IJ_PX_C7,1,790,7.9,20.11,1019,10.19,-20.16,40.26,,,,,,,
Trunk Extended Lateral Inclination,C7,IJ_PX_C7,2,1262,12.62,20.06,1529,15.29,-20.56,40.62,,,,,,,
Trunk Extended Lateral Inclination,C7,IJ_PX_C7,3,1711,17.11,20.51,1954,19.54,-20.91,41.42,,,,,,,
Trunk Extended Lateral Inclination,C7,IJ_PX_C7,4,2159,21.59,19.69,2383,23.83,-20.01,39.7,,,,,,,
Trunk Extended Lateral Inclination,C7,IJ_PX_C7,5,2573,25.73,19.64,2812,28.12,-21.37,41.02,,,,,,,
Trunk Extended Lateral Inclination,C7,IJ_PX_C7,6,2985,29.85,21.23,3224,32.24,-18.66,39.89,,,,,,,
Trunk Extended Lateral Inclination,C7,IJ_PX_C7,7,3379,33.79,19.18,3602,36.02,-20.72,39.91,,,,,,,
Trunk Extended Lateral Inclination,C7,IJ_PX_C7,8,3812,38.12,19.62,4025,40.25,-21.95,41.58,,,,,,,
Trunk Extended Lateral Inclination,C7,Perfect,1,790,7.9,20.11,1019,10.19,-20.16,40.26,,,,,,,
Trunk Extended Lateral Inclination,C7,Perfect,2,1262,12.62,20.06,1529,15.29,-20.56,40.62,,,,,,,
Trunk Extended Lateral Inclination,C7,Perfect,3,1711,17.11,20.51,1954,19.54,-20.91,41.42,,,,,,,
Trunk Extended Lateral Inclination,C7,Perfect,4,2159,21.59,19.69,2383,23.83,-20.01,39.7,,,,,,,
Trunk Extended Lateral Inclination,C7,Perfect,5,2573,25.73,19.64,2812,28.12,-21.37,41.02,,,,,,,
Trunk Extended Lateral Inclination,C7,Perfect,6,2985,29.85,21.23,3224,32.24,-18.66,39.89,,,,,,,
Trunk Extended Lateral Inclination,C7,Perfect,7,3379,33.79,19.18,3602,36.02,-20.72,39.91,,,,,,,
Trunk Extended Lateral Inclination,C7,Perfect,8,3812,38.12,19.62,4025,40.25,-21.95,41.58,,,,,,,
Trunk Extended Lateral Inclination,NOT_C7,IJ_C7,1,786,7.86,19.64,1018,10.18,-19.4,39.04,,,,,,,
Trunk Extended Lateral Inclination,NOT_C7,IJ_C7,2,1262,12.62,19.5,1529,15.29,-19.94,39.45,,,,,,,
Trunk Extended Lateral Inclination,NOT_C7,IJ_C7,3,1711,17.11,19.93,1954,19.54,-20.3,40.23,,,,,,,
Trunk Extended Lateral Inclination,NOT_C7,IJ_C7,4,2159,21.59,18.96,2383,23.83,-19.44,38.4,,,,,,,
Trunk Extended Lateral Inclination,NOT_C7,IJ_C7,5,2573,25.73,19.03,2812,28.12,-20.53,39.57,,,,,,,
Trunk Extended Lateral Inclination,NOT_C7,IJ_C7,6,2985,29.85,20.59,3224,32.24,-18.16,38.75,,,,,,,
Trunk Extended Lateral Inclination,NOT_C7,IJ_C7,7,3379,33.79,18.71,3602,36.02,-20.14,38.85,,,,,,,
Trunk Extended Lateral Inclination,NOT_C7,IJ_C7,8,3811,38.11,19.07,4025,40.25,-21.32,40.39,,,,,,,
Trunk Extended Lateral Inclination,NOT_C7,PX_C7,1,786,7.86,19.64,1018,10.18,-19.4,39.04,,,,,,,
Trunk Extended Lateral Inclination,NOT_C7,PX_C7,2,1262,12.62,19.5,1529,15.29,-19.94,39.45,,,,,,,
Trunk Extended Lateral Inclination,NOT_C7,PX_C7,3,1711,17.11,19.93,1954,19.54,-20.3,40.23,,,,,,,
Trunk Extended Lateral Inclination,NOT_C7,PX_C7,4,2159,21.59,18.96,2383,23.83,-19.44,38.4,,,,,,,
Trunk Extended Lateral Inclination,NOT_C7,PX_C7,5,2573,25.73,19.03,2812,28.12,-20.53,39.57,,,,,,,
Trunk Extended Lateral Inclination,NOT_C7,PX_C7,6,2985,29.85,20.59,3224,32.24,-18.16,38.75,,,,,,,
Trunk Extended Lateral Inclination,NOT_C7,PX_C7,7,3379,33.79,18.71,3602,36.02,-20.14,38.85,,,,,,,
Trunk Extended Lateral Inclination,NOT_C7,PX_C7,8,3811,38.11,19.07,4025,40.25,-21.32,40.39,,,,,,,
Trunk Extended Lateral Inclination,NOT_C7,IJ_PX_C7,1,786,7.86,19.64,1018,10.18,-19.4,39.04,,,,,,,
Trunk Extended Lateral Inclination,NOT_C7,IJ_PX_C7,2,1262,12.62,19.5,1529,15.29,-19.94,39.45,,,,,,,
Trunk Extended Lateral Inclination,NOT_C7,IJ_PX_C7,3,1711,17.11,19.93,1954,19.54,-20.3,40.23,,,,,,,
Trunk Extended Lateral Inclination,NOT_C7,IJ_PX_C7,4,2159,21.59,18.96,2383,23.83,-19.44,38.4,,,,,,,
Trunk Extended Lateral Inclination,NOT_C7,IJ_PX_C7,5,2573,25.73,19.03,2812,28.12,-20.53,39.57,,,,,,,
Trunk Extended Lateral Inclination,NOT_C7,IJ_PX_C7,6,2985,29.85,20.59,3224,32.24,-18.16,38.75,,,,,,,
Trunk Extended Lateral Inclination,NOT_C7,IJ_PX_C7,7,3379,33.79,18.71,3602,36.02,-20.14,38.85,,,,,,,
Trunk Extended Lateral Inclination,NOT_C7,IJ_PX_C7,8,3811,38.11,19.07,4025,40.25,-21.32,40.39,,,,,,,
Trunk Extended Lateral Inclination,NOT_C7,Perfect,1,786,7.86,19.64,1018,10.18,-19.4,39.04,,,,,,,
Trunk Extended Lateral Inclination,NOT_C7,Perfect,2,1262,12.62,19.5,1529,15.29,-19.94,39.45,,,,,,,
Trunk Extended Lateral Inclination,NOT_C7,Perfect,3,1711,17.11,19.93,1954,19.54,-20.3,40.23,,,,,,,
Trunk Extended Lateral Inclination,NOT_C7,Perfect,4,2159,21.59,18.96,2383,23.83,-19.44,38.4,,,,,,,
Trunk Extended Lateral Inclination,NOT_C7,Perfect,5,2573,25.73,19.03,2812,28.12,-20.53,39.57,,,,,,,
Trunk Extended Lateral Inclination,NOT_C7,Perfect,6,2985,29.85,20.59,3224,32.24,-18.16,38.75,,,,,,,
Trunk Extended Lateral Inclination,NOT_C7,Perfect,7,3379,33.79,18.71,3602,36.02,-20.14,38.85,,,,,,,
Trunk Extended Lateral Inclination,NOT_C7,Perfect,8,3811,38.11,19.07,4025,40.25,-21.32,40.39,,,,,,,
Thorax Lateral Inclination,Complete,IJ_C7,1,788,7.88,53.64,1021,10.21,-54.31,107.95,,,,,,,
Thorax Lateral Inclination,Complete,IJ_C7,2,1273,12.73,47.63,1529,15.29,-55.17,102.8,,,,,,,
Thorax Lateral Inclination,Complete,IJ_C7,3,1709,17.09,47.56,1954,19.54,-56.14,103.7,,,,,,,
Thorax Lateral Inclination,Complete,IJ_C7,4,2150,21.5,45.11,2381,23.81,-55.22,100.33,,,,,,,
Thorax Lateral Inclination,Complete,IJ_C7,5,2573,25.73,47.51,2809,28.09,-54.96,102.47,,,,,,,
Thorax Lateral Inclination,Complete,IJ_C7,6,2983,29.83,48.63,3219,32.19,-51.45,100.07,,,,,,,
Thorax Lateral Inclination,Complete,IJ_C7,7,3386,33.86,47.63,3614,36.14,-54.41,102.04,,,,,,,
Thorax Lateral Inclination,Complete,IJ_C7,8,3808,38.08,44.47,4024,40.24,-55.61,100.08,,,,,,,
Thorax Lateral Inclination,Complete,PX_C7,1,788,7.88,53.64,1021,10.21,-54.31,107.95,,,,,,,
Thorax Lateral Inclination,Complete,PX_C7,2,1273,12.73,47.63,1529,15.29,-55.17,102.8,,,,,,,
Thorax Lateral Inclination,Complete,PX_C7,3,1709,17.09,47.56,1954,19.54,-56.14,103.7,,,,,,,
Thorax Lateral Inclination,Complete,PX_C7,4,2150,21.5,45.11,2381,23.81,-55.22,100.33,,,,,,,
Thorax Lateral Inclination,Complete,PX_C7,5,2573,25.73,47.51,2809,28.09,-54.96,102.47,,,,,,,
Thorax Lateral Inclination,Complete,PX_C7,6,2983,29.83,48.63,3219,32.19,-51.45,100.07,,,,,,,
Thorax Lateral Inclination,Complete,PX_C7,7,3386,33.86,47.63,3614,36.14,-54.41,102.04,,,,,,,
Thorax Lateral Inclination,Complete,PX_C7,8,3808,38.08,44.47,4024,40.24,-55.61,100.08,,,,,,,
Thorax Lateral Inclination,Complete,IJ_PX_C7,1,788,7.88,53.64,1021,10.21,-54.31,107.95,,,,,,,
Thorax Lateral Inclination,Complete,IJ_PX_C7,2,1273,12.73,47.63,1529,15.29,-55.17,102.8,,,,,,,
Thorax Lateral Inclination,Complete,IJ_PX_C7,3,1709,17.09,47.56,1954,19.54,-56.14,103.7,,,,,,,
Thorax Lateral Inclination,Complete,IJ_PX_C7,4,2150,21.5,45.11,2381,23.81,-55.22,100.33,,,,,,,
Thorax Lateral Inclination,Complete,IJ_PX_C7,5,2573,25.73,47.51,2809,28.09,-54.96,102.47,,,,,,,
Thorax Lateral Inclination,Complete,IJ_PX_C7,6,2983,29.83,48.63,3219,32.19,-51.45,100.07,,,,,,,
Thorax Lateral Inclination,Complete,IJ_PX_C7,7,3386,33.86,47.63,3614,36.14,-54.41,102.04,,,,,,,
Thorax Lateral Inclination,Complete,IJ_PX_C7,8,3808,38.08,44.47,4024,40.24,-55.61,100.08,,,,,,,
Thorax Lateral Inclination,Complete,Perfect,1,788,7.88,53.64,1021,10.21,-54.31,107.95,,,,,,,
Thorax Lateral Inclination,Complete,Perfect,2,1273,12.73,47.63,1529,15.29,-55.17,102.8,,,,,,,
Thorax Lateral Inclination,Complete,Perfect,3,1709,17.09,47.56,1954,19.54,-56.14,103.7,,,,,,,
Thorax Lateral Inclination,Complete,Perfect,4,2150,21.5,45.11,2381,23.81,-55.22,100.33,,,,,,,
Thorax Lateral Inclination,Complete,Perfect,5,2573,25.73,47.51,2809,28.09,-54.96,102.47,,,,,,,
Thorax Lateral Inclination,Complete,Perfect,6,2983,29.83,48.63,3219,32.19,-51.45,100.07,,,,,,,
Thorax Lateral Inclination,Complete,Perfect,7,3386,33.86,47.63,3614,36.14,-54.41,102.04,,,,,,,
Thorax Lateral Inclination,Complete,Perfect,8,3808,38.08,44.47,4024,40.24,-55.61,100.08,,,,,,,
Thorax Lateral Inclination,C7,IJ_C7,1,788,7.88,52.71,1021,10.21,-55.04,107.75,,,,,,,
Thorax Lateral Inclination,C7,IJ_C7,2,1280,12.8,47.32,1529,15.29,-54.16,101.48,,,,,,,
Thorax Lateral Inclination,C7,IJ_C7,3,1709,17.09,47.96,1952,19.52,-54.61,102.57,,,,,,,
Thorax Lateral Inclination,C7,IJ_C7,4,2153,21.53,46.37,2381,23.81,-51.94,98.31,,,,,,,
Thorax Lateral Inclination,C7,IJ_C7,5,2575,25.75,47.03,2809,28.09,-54.51,101.54,,,,,,,
Thorax Lateral Inclination,C7,IJ_C7,6,2985,29.85,48.15,3219,32.19,-48.6,96.75,,,,,,,
Thorax Lateral Inclination,C7,IJ_C7,7,3387,33.87,45.76,3614,36.14,-53.37,99.13,,,,,,,
Thorax Lateral Inclination,C7,IJ_C7,8,3808,38.08,45.25,4024,40.24,-56.0,101.25,,,,,,,
Thorax Lateral Inclination,C7,PX_C7,1,788,7.88,52.7,1021,10.21,-54.88,107.57,,,,,,,
Thorax Lateral Inclination,C7,PX_C7,2,1280,12.8,47.26,1531,15.31,-54.15,101.41,,,,,,,
Thorax Lateral Inclination,C7,PX_C7,3,1709,17.09,47.9,1954,19.54,-54.53,102.42,,,,,,,
Thorax Lateral Inclination,C7,PX_C7,4,2154,21.54,46.17,2381,23.81,-51.86,98.04,,,,,,,
Thorax Lateral Inclination,C7,PX_C7,5,2575,25.75,46.85,2809,28.09,-54.5,101.35,,,,,,,
Thorax Lateral Inclination,C7,PX_C7,6,2985,29.85,48.06,3219,32.19,-48.46,96.53,,,,,,,
Thorax Lateral Inclination,C7,PX_C7,7,3387,33.87,45.53,3614,36.14,-53.43,98.96,,,,,,,
Thorax Lateral Inclination,C7,PX_C7,8,3808,38.08,45.0,4024,40.24,-56.05,101.05,,,,,,,
Thorax Lateral Inclination,C7,IJ_PX_C7,1,788,7.88,52.7,1021,10.21,-54.95,107.65,,,,,,,
Thorax Lateral Inclination,C7,IJ_PX_C7,2,1280,12.8,47.28,1529,15.29,-54.15,101.43,,,,,,,
Thorax Lateral Inclination,C7,IJ_PX_C7,3,1709,17.09,47.92,1952,19.52,-54.56,102.49,,,,,,,
Thorax Lateral Inclination,C7,IJ_PX_C7,4,2154,21.54,46.27,2381,23.81,-51.9,98.16,,,,,,,
Thorax Lateral Inclination,C7,IJ_PX_C7,5,2575,25.75,46.94,2809,28.09,-54.5,101.44,,,,,,,
Thorax Lateral Inclination,C7,IJ_PX_C7,6,2985,29.85,48.1,3219,32.19,-48.53,96.63,,,,,,,
Thorax Lateral Inclination,C7,IJ_PX_C7,7,3387,33.87,45.64,3614,36.14,-53.4,99.04,,,,,,,
Thorax Lateral Inclination,C7,IJ_PX_C7,8,3808,38.08,45.12,4024,40.24,-56.02,101.14,,,,,,,
Thorax Lateral Inclination,C7,Perfect,1,788,7.88,52.76,1021,10.21,-54.71,107.47,,,,,,,
Thorax Lateral Inclination,C7,Perfect,2,1277,12.77,47.26,1531,15.31,-54.25,101.51,,,,,,,
Thorax Lateral Inclination,C7,Perfect,3,1709,17.09,47.89,1954,19.54,-54.49,102.38,,,,,,,
Thorax Lateral Inclination,C7,Perfect,4,2154,21.54,45.95,2381,23.81,-51.83,97.78,,,,,,,
Thorax Lateral Inclination,C7,Perfect,5,2575,25.75,46.65,2809,28.09,-54.58,101.23,,,,,,,
Thorax Lateral Inclination,C7,Perfect,6,2985,29.85,48.01,3219,32.19,-48.33,96.34,,,,,,,
Thorax Lateral Inclination,C7,Perfect,7,3387,33.87,45.26,3614,36.14,-53.62,98.88,,,,,,,
Thorax Lateral Inclination,C7,Perfect,8,3808,38.08,44.69,4024,40.24,-56.23,100.92,,,,,,,
Thorax Lateral Inclination,NOT_C7,IJ_C7,1,787,7.87,49.06,1025,10.25,-52.14,101.2,,,,,,,
Thorax Lateral Inclination,NOT_C7,IJ_C7,2,1280,12.8,44.07,1529,15.29,-51.67,95.74,,,,,,,
Thorax Lateral Inclination,NOT_C7,IJ_C7,3,1707,17.07,44.78,1952,19.52,-52.38,97.16,,,,,,,
Thorax Lateral Inclination,NOT_C7,IJ_C7,4,2145,21.45,43.25,2377,23.77,-49.96,93.21,,,,,,,
Thorax Lateral Inclination,NOT_C7,IJ_C7,5,2575,25.75,44.71,2809,28.09,-51.0,95.71,,,,,,,
Thorax Lateral Inclination,NOT_C7,IJ_C7,6,2983,29.83,45.07,3219,32.19,-47.14,92.21,,,,,,,
Thorax Lateral Inclination,NOT_C7,IJ_C7,7,3388,33.88,43.08,3610,36.1,-50.79,93.87,,,,,,,
Thorax Lateral Inclination,NOT_C7,IJ_C7,8,3809,38.09,42.56,4024,40.24,-53.23,95.79,,,,,,,
Thorax Lateral Inclination,NOT_C7,PX_C7,1,787,7.87,48.73,1025,10.25,-51.65,100.38,,,,,,,
Thorax Lateral Inclination,NOT_C7,PX_C7,2,1280,12.8,43.71,1529,15.29,-51.35,95.05,,,,,,,
Thorax Lateral Inclination,NOT_C7,PX_C7,3,1707,17.07,44.36,1952,19.52,-52.02,96.39,,,,,,,
Thorax Lateral Inclination,NOT_C7,PX_C7,4,2145,21.45,42.74,2377,23.77,-49.67,92.41,,,,,,,
Thorax Lateral Inclination,NOT_C7,PX_C7,5,2575,25.75,44.21,2809,28.09,-50.64,94.86,,,,,,,
Thorax Lateral Inclination,NOT_C7,PX_C7,6,2983,29.83,44.66,3215,32.15,-46.77,91.43,,,,,,,
Thorax Lateral Inclination,NOT_C7,PX_C7,7,3388,33.88,42.64,3610,36.1,-50.54,93.19,,,,,,,
Thorax Lateral Inclination,NOT_C7,PX_C7,8,3809,38.09,42.01,4024,40.24,-52.94,94.95,,,,,,,
Thorax Lateral Inclination,NOT_C7,IJ_PX_C7,1,787,7.87,48.89,1025,10.25,-51.89,100.78,,,,,,,
Thorax Lateral Inclination,NOT_C7,IJ_PX_C7,2,1280,12.8,43.88,1529,15.29,-51.5,95.39,,,,,,,
Thorax Lateral Inclination,NOT_C7,IJ_PX_C7,3,1707,17.07,44.57,1952,19.52,-52.2,96.76,,,,,,,
Thorax Lateral Inclination,NOT_C7,IJ_PX_C7,4,2145,21.45,42.99,2377,23.77,-49.81,92.8,,,,,,,
Thorax Lateral Inclination,NOT_C7,IJ_PX_C7,5,2575,25.75,44.46,2809,28.09,-50.82,95.28,,,,,,,
Thorax Lateral Inclination,NOT_C7,IJ_PX_C7,6,2983,29.83,44.86,3219,32.19,-46.95,91.81,,,,,,,
Thorax Lateral Inclination,NOT_C7,IJ_PX_C7,7,3388,33.88,42.86,3610,36.1,-50.66,93.52,,,,,,,
Thorax Lateral Inclination,NOT_C7,IJ_PX_C7,8,3809,38.09,42.28,4024,40.24,-53.08,95.36,,,,,,,
Thorax Lateral Inclination,NOT_C7,Perfect,1,787,7.87,48.29,1025,10.25,-50.96,99.25,,,,,,,
Thorax Lateral Inclination,NOT_C7,Perfect,2,1280,12.8,43.21,1529,15.29,-50.92,94.13,,,,,,,
Thorax Lateral Inclination,NOT_C7,Perfect,3,1707,17.07,43.78,1952,19.52,-51.54,95.32,,,,,,,
Thorax Lateral Inclination,NOT_C7,Perfect,4,2146,21.46,42.02,2378,23.78,-49.29,91.31,,,,,,,
Thorax Lateral Inclination,NOT_C7,Perfect,5,2575,25.75,43.5,2809,28.09,-50.16,93.66,,,,,,,
Thorax Lateral Inclination,NOT_C7,Perfect,6,2983,29.83,44.1,3215,32.15,-46.28,90.37,,,,,,,
Thorax Lateral Inclination,NOT_C7,Perfect,7,3388,33.88,42.03,3610,36.1,-50.24,92.27,,,,,,,
Thorax Lateral Inclination,NOT_C7,Perfect,8,3809,38.09,41.21,4024,40.24,-52.58,93.79,,,,,,,
